{"cameraMode":{"drawMode":0,"name":"Shaded","section":"Shading Mode"},"sceneLighting":false,"audioPlay":false,"sceneViewState":{"showFog":true,"showMaterialUpdate":false,"showSkybox":false,"showFlares":true,"showImageEffects":true,"showParticleSystems":true},"in2DMode":false,"pivot":{"x":5.665432929992676,"y":0.8949862718582153,"z":0.14845788478851319},"rotation":{"x":0.10037200152873993,"y":0.07250624150037766,"z":-0.007369139231741428,"w":0.9923111796379089},"size":6.047280311584473,"orthographic":false}