{"cameraMode":{"drawMode":0,"name":"Shaded","section":"Shading Mode"},"sceneLighting":true,"audioPlay":false,"sceneViewState":{"showFog":true,"showMaterialUpdate":false,"showSkybox":true,"showFlares":true,"showImageEffects":true,"showParticleSystems":true},"in2DMode":false,"pivot":{"x":-0.5491042733192444,"y":1.4159634113311768,"z":0.14375227689743043},"rotation":{"x":-0.15355819463729859,"y":0.52985018491745,"z":-0.09822667390108109,"w":-0.8282830715179443},"size":2.368403434753418,"orthographic":false}